query,output,timestamp

what is the schema of the database?,"Result – simplified schema overview  
(The full CREATE statements are above; here is a concise map of tables & key columns.)

┌───────────────────────────┬───────────────────────────────────────────────────────────────┐  
│ Table (schema = SalesLT)  │ Key columns & relationships                                   │  
├───────────────────────────┼───────────────────────────────────────────────────────────────┤  
│ Address                   │ AddressID (PK) …                                              │  
│ Customer                  │ CustomerID (PK) …                                             │  
│ CustomerAddress           │ CustomerID, AddressID (PK), FK → Customer, Address            │  
│ ProductCategory           │ ProductCategoryID (PK), ParentProductCategoryID (self-FK)      │  
│ ProductModel              │ ProductModelID (PK) …                                         │  
│ ProductDescription        │ ProductDescriptionID (PK) …                                   │  
│ ProductModelProductDescription│ ProductModelID, ProductDescriptionID, Culture (PK)        │  
│                            │  FK → ProductModel, ProductDescription                       │  
│ Product                   │ ProductID (PK), FK → ProductCategory, ProductModel            │  
│ SalesOrderHeader          │ SalesOrderID (PK), FK → Customer, Address (BillTo/ShipTo)     │  
│ SalesOrderDetail          │ SalesOrderID + SalesOrderDetailID (PK)                        │  
│                            │  FK → SalesOrderHeader, Product                               │  
└───────────────────────────┴───────────────────────────────────────────────────────────────┘  

Views (read-only helpers): vGetAllCategories, vProductAndDescription, vProductModelCatalogDescription.

Final SQL query  
No SQL query is required; the schema was obtained via system metadata calls in prior steps.

Explanation  
The schema description lists:  
• Primary-key columns (PK) that uniquely identify each row.  
• Foreign-key (FK) columns and their parent tables, showing how tables relate (e.g., SalesOrderDetail links to Product and SalesOrderHeader).  
• Self-referencing FK in ProductCategory supports a hierarchy of categories.  
• Junction tables (CustomerAddress, ProductModelProductDescription) implement many-to-many relationships.",2025-05-05 12:37:28.733810


what are the top ten customers by amount spent?,"Result – Top-10 customers by total amount spent  
┌──────────┬──────────────────────────┬───────────────┐  
│CustomerID│ CustomerName             │ TotalSpent    │  
├──────────┼──────────────────────────┼───────────────┤  
│ 29736    │ Terry Eminhizer          │ 89 869.2763   │  
│ 30050    │ Krishna Sunkammurali     │ 79 589.6160   │  
│ 29546    │ Christopher Beck         │ 74 160.2280   │  
│ 29957    │ Kevin Liu                │ 65 683.3680   │  
│ 29796    │ Jon Grande               │ 65 123.4634   │  
│ 29929    │ Jeffrey Kurtz            │ 59 894.2092   │  
│ 29932    │ Rebecca Laszlo           │ 53 248.6920   │  
│ 29660    │ Anthony Chor             │ 47 848.0260   │  
│ 29938    │ Frank Campbell           │ 34 118.5356   │  
│ 29485    │ Catherine Abel           │ 33 319.9860   │  
└──────────┴──────────────────────────┴───────────────┘  

Final SQL query  
SELECT TOP (10)  
       c.CustomerID,  
       CONCAT(c.FirstName, ' ', c.LastName) AS CustomerName,  
       SUM(sod.LineTotal)                   AS TotalSpent  
FROM   SalesLT.Customer         AS c  
JOIN   SalesLT.SalesOrderHeader AS soh ON soh.CustomerID = c.CustomerID  
JOIN   SalesLT.SalesOrderDetail AS sod ON sod.SalesOrderID = soh.SalesOrderID  
GROUP BY c.CustomerID, c.FirstName, c.LastName  
ORDER BY TotalSpent DESC;  

Explanation  
• SalesOrderDetail.LineTotal already includes quantity × price × (1–discount), giving revenue per order line.  
• Joining SalesOrderDetail → SalesOrderHeader → Customer lets us aggregate spending per customer.  
• SUM(LineTotal) is grouped by customer, then ordered highest-to-lowest and TOP (10) returns the leading spenders.",2025-05-05 12:38:13.793195

show me email addressses of customers who have entered the most amount of orders,"Result – customers with the highest number of orders  
(In the current data set every customer has only 1 order, so they all tie for first place.)

┌──────────┬───────────────────────────────────┬───────────┐  
│CustomerID│ EmailAddress                      │ OrderCount│  
├──────────┼───────────────────────────────────┼───────────┤  
│ 29485    │ catherine0@adventure-works.com    │     1     │  
│ 29531    │ cory0@adventure-works.com         │     1     │  
│ 29546    │ christopher1@adventure-works.com  │     1     │  
│ 29568    │ donald0@adventure-works.com       │     1     │  
│ 29584    │ walter0@adventure-works.com       │     1     │  
│ …        │ …                                 │     1     │  
│ 30113    │ raja0@adventure-works.com         │     1     │  
└──────────┴───────────────────────────────────┴───────────┘  
(32 customers returned; table truncated for brevity.)

Final SQL query  
WITH CustOrders AS (  
    SELECT  c.CustomerID,  
            c.EmailAddress,  
            COUNT(*) AS OrderCount  
    FROM   SalesLT.Customer         AS c  
    JOIN   SalesLT.SalesOrderHeader AS soh  
           ON soh.CustomerID = c.CustomerID  
    GROUP BY c.CustomerID, c.EmailAddress  
)  
SELECT CustomerID, EmailAddress, OrderCount  
FROM   CustOrders  
WHERE  OrderCount = (SELECT MAX(OrderCount) FROM CustOrders);  

Explanation  
1. The CTE CustOrders aggregates SalesOrderHeader rows per customer, producing the number of orders each customer has placed.  
2. The outer SELECT filters to customers whose order count equals the maximum across all customers—i.e., those with the most orders.  
3. In the present data every customer appearing in SalesOrderHeader has only one order, so they all share the maximum (1) and are therefore returned.",2025-05-05 12:39:07.703317

what is the most expensive product?,"Result – most expensive product (by ListPrice)  
┌──────────┬──────────────────┬────────────┬───────────┐  
│ProductID │ Name             │Number      │ ListPrice │  
├──────────┼──────────────────┼────────────┼───────────┤  
│ 749      │ Road-150 Red, 62 │ BK-R93R-62 │ 3 578.27  │  
└──────────┴──────────────────┴────────────┴───────────┘  

Final SQL query  
SELECT TOP (1)  
       ProductID,  
       Name,  
       ProductNumber,  
       ListPrice  
FROM   SalesLT.Product  
ORDER BY ListPrice DESC;  

Explanation  
• SalesLT.Product.ListPrice holds each product’s catalog price.  
• Ordering descending by ListPrice and selecting TOP (1) returns the single product with the highest price.",2025-05-05 12:39:44.949028



"explain each of teh tables in the DB, in detail","Result – Detailed description of every base table in the SalesLT schema  

┌────────────────────────────┬──────────────────────────┬──────────────────────────────────────────────┬───────────────────────────────────────────────────────────────────────────────────────────┐  
│ Table                      │ Primary-key column(s)    │ Purpose / Typical contents                   │ Main foreign-key relationships                                                         │  
├────────────────────────────┼──────────────────────────┼──────────────────────────────────────────────┼───────────────────────────────────────────────────────────────────────────────────────────┤  
│ Address                    │ AddressID                │ Stores postal addresses used for billing or  │ — Referenced by CustomerAddress (many-to-many with Customer) and                       │  
│ (≈ lookup)                 │                          │ shipping. Contains street, city, state,      │   SalesOrderHeader (BillToAddressID, ShipToAddressID).                                 │  
│                            │                          │ country/region, postal code, timestamps.     │                                                                                         │  
│ Customer                   │ CustomerID               │ Master record for each retail customer.      │ — Referenced by CustomerAddress (link), SalesOrderHeader (CustomerID).                 │  
│                            │                          │ Holds personal & company info, contact data, │                                                                                         │  
│                            │                          │ password hash/salt, and audit columns.       │                                                                                         │  
│ CustomerAddress            │ CustomerID + AddressID   │ Junction table linking customers to one or   │ FK to Customer and Address.  Allows multiple address types (e.g. “Main Office”).       │  
│                            │ (composite PK)           │ more addresses and classifying them by type. │                                                                                         │  
│ ProductCategory            │ ProductCategoryID        │ Hierarchical list of merchandise categories  │ Self-referencing FK (ParentProductCategoryID) supports category/subcategory trees.     │  
│                            │                          │ (e.g., Bikes → Mountain Bikes).              │ Referenced by Product (ProductCategoryID).                                             │  
│ ProductModel               │ ProductModelID           │ High-level model or style that may apply to  │ Referenced by Product and by the junction                                             │  
│                            │                          │ many SKUs. Includes optional XML catalog     │ table ProductModelProductDescription.                                                  │  
│                            │                          │ description.                                 │                                                                                         │  
│ ProductDescription         │ ProductDescriptionID     │ Multilingual free-text descriptions of       │ Referenced by ProductModelProductDescription.                                          │  
│                            │                          │ products (not SKUs) — e.g., marketing copy.  │                                                                                         │  
│ ProductModelProductDescription│ProductModelID +       │ Junction table that maps product models to   │ FK to ProductModel and ProductDescription. “Culture” column holds language code.       │  
│ (junction)                 │ ProductDescriptionID +   │ their descriptions in different languages.   │ Composite PK ensures uniqueness per model/desc/culture.                                │  
│                            │ Culture                  │                                              │                                                                                         │  
│ Product                    │ ProductID                │ Individual sellable SKU. Holds pricing       │ FK to ProductCategory and ProductModel.                                                │  
│                            │                          │ (StandardCost, ListPrice), color/size/weight,│ Referenced by SalesOrderDetail.                                                       │  
│                            │                          │ lifecycle dates, thumbnail, etc.             │                                                                                         │  
│ SalesOrderHeader           │ SalesOrderID             │ One record per customer order. Captures      │ FK to Customer (buyer) and Address (bill-to/ship-to).                                  │  
│                            │                          │ dates, status, freight, tax, totals, and     │ Referenced by SalesOrderDetail (on-delete cascade).                                    │  
│                            │                          │ purchase-order and account numbers.          │                                                                                         │  
│ SalesOrderDetail           │ SalesOrderID +           │ Line items for each order. Stores quantity,  │ FK to SalesOrderHeader and Product. “LineTotal” is a computed revenue column.          │  
│                            │ SalesOrderDetailID       │ unit price, discount, and computed extended  │                                                                                         │  
│                            │ (composite PK)           │ amount.                                      │                                                                                         │  
└────────────────────────────┴──────────────────────────┴──────────────────────────────────────────────┴───────────────────────────────────────────────────────────────────────────────────────────┘  

Final SQL query  
No query is needed; the explanation is based on the schema definitions already retrieved from the database.

Explanation  
The table summarises each base table’s role in the AdventureWorks LT (SalesLT) database, indicating:  
• Primary keys that uniquely identify rows.  
• What kind of data is stored and why the table exists.  
• How the table is related to others through foreign keys, showing the flow of information (e.g., Customer → SalesOrderHeader → SalesOrderDetail → Product).  

This overview provides the context required to design queries or analytics on customers, products, categories, and sales.",2025-05-05 12:41:26.703956
